383498,"Deadpool 2"
402900,"Ocean\s Eight"
363088,"Ant-Man and the Wasp"
466282,"To All the Boys I\ve Loved Before"
283995,"Guardians of the Galaxy Vol. 2"
455980,"Tag"
291805,"Now You See Me 2"
523873,"Kung Fu League"
454983,"The Kissing Booth"
293660,"Deadpool"
455207,"Crazy Rich Asians"
177572,"Big Hero 6"
487558,"BlacKkKlansman"
98566,"Teenage Mutant Ninja Turtles"
400155,"Hotel Transylvania 3 Summer Vacation"
257344,"Pixels"
808,"Shrek"
437557,"Blockers"
420814,"Christopher Robin"
181533,"Night at the Museum Secret of the Tomb"
445571,"Game Night"
150540,"Inside Out"
269149,"Zootopia"
449176,"Love"
166426,"Pirates of the Caribbean Dead Men Tell No Tales"
353486,"Jumanji Welcome to the Jungle"
207703,"Kingsman The Secret Service"
270946,"Penguins of Madagascar"
455656,"#RealityHigh"
460668,"I Feel Pretty"
159824,"Hotel Transylvania 2"
399174,"Isle of Dogs"
20352,"Despicable Me"
425,"Ice Age"
370567,"Sherlock Gnomes"
458423,"Mamma Mia! Here We Go Again"
585,"Monsters"
454619,"Overboard"
390043,"The Hitman\s Bodyguard"
93456,"Despicable Me 2"
507562,"Crayon Shin-chan Burst Serving! Kung Fu Boys ~Ramen Rebellion~"
502682,"Book Club"
434355,"Taxi 5"
339846,"Baywatch"
301337,"Downsizing"
106646,"The Wolf of Wall Street"
608,"Men in Black II"
454283,"Action Point"
454992,"The Spy Who Dumped Me"
278154,"Ice Age Collision Course"
474335,"Uncle Drew"
203801,"The Man from U.N.C.L.E."
260514,"Cars 3"
120467,"The Grand Budapest Hotel"
238713,"Spy"
18785,"The Hangover"
254470,"Pitch Perfect 2"
57800,"Ice Age Continental Drift"
76492,"Hotel Transylvania"
194662,"Birdman"
19913,"(500) Days of Summer"
14160,"Up"
391713,"Lady Bird"
400579,"Tully"
11631,"Mamma Mia!"
335797,"Sing"
225886,"Sex Tape"
518452,"Like Father"
82702,"How to Train Your Dragon 2"
503619,"The Package"
50022,"Super Troopers 2"
88751,"Journey to the Center of the Earth"
214756,"Ted 2"
384677,"Set It Up"
399796,"Life of the Party"
920,"Cars"
412988,"The Happytime Murders"
950,"Ice Age The Meltdown"
140300,"Kung Fu Panda 3"
340022,"Gringo"
46195,"Rio"
22970,"The Cabin in the Woods"
223702,"Sausage Party"
2062,"Ratatouille"
399170,"Logan Lucky"
43074,"Ghostbusters"
809,"Shrek 2"
313369,"La La Land"
194,"Am\xc3\xa9lie"
4247,"Scary Movie"
390059,"Permission"
350,"The Devil Wears Prada"
339404,"The Layover"
387592,"Early Man"
239563,"St. Vincent"
257445,"Goosebumps"
218746,"Young Mother"
118,"Charlie and the Chocolate Factory"
80321,"Madagascar 3 Europe\s Most Wanted"
310,"Bruce Almighty"
112160,"Sexual Chronicles of a French Family"
9502,"Kung Fu Panda"
49013,"Cars 2"
2770,"American Pie 2"
82690,"Wreck-It Ralph"
10625,"Mean Girls"
472918,"Wiro Sableng 212 Warrior"
10192,"Shrek Forever After"
511785,"Alex Strangelove"
364689,"Ferdinand"
10527,"Madagascar Escape 2 Africa"
41154,"Men in Black 3"
9928,"Robots"
71552,"American Reunion"
456086,"Support the Girls"
49519,"The Croods"
37735,"Easy A"
19908,"Zombieland"
325133,"Neighbors 2 Sorority Rising"
324852,"Despicable Me 3"
195589,"Neighbors"
100042,"Dumb and Dumber To"
533246,"Photo de famille"
337170,"American Made"
8961,"Bad Boys II"
538604,"The After Party"
22705,"Cheeky"
345915,"Once Upon a Time in Venice"
127380,"Finding Dory"
400928,"Gifted"
109439,"The Hangover Part III"
436931,"Pok\xc3\xa9mon the Movie I Choose You!"
77338,"The Intouchables"
249635,"Seven Street Fighters"
462919,"Sierra Burgess Is a Loser"
271718,"Trainwreck"
11283,"Nanny McPhee"
227159,"Horrible Bosses 2"
82654,"Warm Bodies"
507143,"Candy Jar"
342473,"Ballerina"
353616,"Pitch Perfect 3"
37834,"Knight and Day"
11887,"High School Musical 3 Senior Year"
82693,"Silver Linings Playbook"
210860,"Mortdecai"
62177,"Brave"
413644,"The Son of Bigfoot"
39514,"RED"
22538,"Scott Pilgrim vs. the World"
10193,"Toy Story 3"
50647,"Wanderlust"
1593,"Night at the Museum"
324849,"The Lego Batman Movie"
35,"The Simpsons Movie"
308531,"Teenage Mutant Ninja Turtles Out of the Shadows"
8355,"Ice Age Dawn of the Dinosaurs"
423453,"Sahara"
253344,"Some Kind of Beautiful"
252838,"The Wedding Ringer"
318846,"The Big Short"
136799,"Trolls"
4964,"Knocked Up"
4327,"Charlie\s Angels"
49524,"R.I.P.D."
9522,"Wedding Crashers"
11775,"Intolerable Cruelty"
82696,"Hope Springs"
10204,"Around the World in 80 Days"
172385,"Rio 2"
228967,"The Interview"
787,"Mr. & Mrs. Smith"
171274,"Inherent Vice"
433310,"When We First Met"
10201,"Yes Man"
11688,"The Emperor\s New Groove"
137116,"Smurfs The Lost Village"
531949,"Father of the Year"
23631,"Machete"
463053,"Ibiza"
83666,"Moonrise Kingdom"
286532,"A Merry Friggin\ Christmas"
375107,"Duck Duck Goose"
418827,"Sister\s Younger Husband"
193893,"Let\s Be Cops"
41513,"The Smurfs"
460793,"Olaf\s Frozen Adventure"
38055,"Megamind"
228161,"Home"
489925,"Eighth Grade"
414919,"Hart Beat"
11130,"The Princess Diaries 2 Royal Engagement"
810,"Shrek the Third"
6957,"The 40 Year Old Virgin"
69646,"Vaseegara"
64688,"21 Jump Street"
188222,"Entourage"
50544,"Friends with Benefits"
1268,"Mr. Bean\s Holiday"
137106,"The Lego Movie"
35019,"Nanny McPhee and the Big Bang"
9339,"Click"
116149,"Paddington"
146216,"RED 2"
62764,"Mirror Mirror"
378236,"The Emoji Movie"
95610,"Bridget Jones\s Baby"
224141,"Into the Woods"
338768,"Please Stand By"
452773,"Tad the Lost Explorer and the Secret of King Midas"
257211,"The Intern"
170522,"Asterix The Mansions of the Gods"
232672,"Blended"
13053,"Bolt"
256961,"Paul Blart Mall Cop 2"
2123,"Me"
429733,"Mayhem"
44896,"Rango"
51540,"Horrible Bosses"
138832,"We\re the Millers"
268531,"Captain Underpants The First Epic Movie"
4258,"Scary Movie 5"
74643,"The Artist"
2642,"Two Weeks Notice"
18240,"The Proposal"
122906,"About Time"
8871,"How the Grinch Stole Christmas"
5559,"Bee Movie"
107985,"The World\s End"
355547,"The Star"
9880,"The Princess Diaries"
72105,"Ted"
1581,"The Holiday"
4256,"Scary Movie 3"
412547,"Killing Gunther"
1574,"Chicago"
302699,"Central Intelligence"
8363,"Superbad"
9637,"Scooby-Doo"
11619,"Flushed Away"
9486,"Johnny English"
296099,"Vacation"
334533,"Captain Fantastic"
297725,"The Man Who Killed Don Quixote"
41630,"No Strings Attached"
332210,"Storks"
376659,"Bad Moms"
9801,"Bridget Jones The Edge of Reason"
1584,"School of Rock"
11430,"The Lion King 1\xc2\xbd"
18360,"Night at the Museum Battle of the Smithsonian"
109414,"This Is the End"
9982,"Chicken Little"
339967,"Colossal"
353069,"Mother\s Day"
45243,"The Hangover Part II"
364433,"They Call Me Jeeg"
346648,"Paddington 2"
747,"Shaun of the Dead"
134374,"Pain & Gain"
371638,"The Disaster Artist"
7453,"The Hitchhiker\s Guide to the Galaxy"
109418,"Grown Ups 2"
50646,"Crazy"
196867,"Annie"
62213,"Dark Shadows"
40805,"The Green Hornet"
38365,"Grown Ups"
368940,"Robinson Crusoe The Wild Life"
10591,"The Girl Next Door"
114150,"Pitch Perfect"
541495,"The Man Who Feels No Pain"
417644,"CHiPS"
382517,"Open Season Scared Silly"
62214,"Frankenweenie"
8835,"Legally Blonde"
16996,"17 Again"
55721,"Bridesmaids"
262391,"Serial (Bad) Weddings"
416477,"The Big Sick"
7512,"Idiocracy"
23023,"Tooth Fairy"
346681,"Wilson"
1824,"50 First Dates"
403431,"Brigsby Bear"
13649,"High School Musical 2"
112205,"The Family"
4248,"Scary Movie 2"
50546,"Just Go with It"
116745,"The Secret Life of Walter Mitty"
3563,"I Now Pronounce You Chuck & Larry"
37821,"Killers"
20760,"Lilo & Stitch 2 Stitch has a Glitch"
425194,"The Little Witch"
109451,"Cloudy with a Chance of Meatballs 2"
256591,"Focus"
50359,"Hop"
419522,"Ignorance Is Bliss"
818,"Austin Powers in Goldmember"
7446,"Tropic Thunder"
